,completion_tokens,prompt_tokens,total_tokens
count,4.0,4.0,4.0
mean,333.25,665.0,998.25
std,87.19470549675977,0.0,87.19470549675977
min,214.0,665.0,879.0
25%,309.25,665.0,974.25
50%,348.0,665.0,1013.0
75%,372.0,665.0,1037.0
max,423.0,665.0,1088.0
